{
    "name": "root",
    "gauges": {
        "G1_Balance.Policy.Entropy.mean": {
            "value": 1.4168154001235962,
            "min": 1.4168154001235962,
            "max": 1.4168157577514648,
            "count": 2
        },
        "G1_Balance.Policy.Entropy.sum": {
            "value": 2833.630859375,
            "min": 468.96600341796875,
            "max": 2833.630859375,
            "count": 2
        },
        "G1_Balance.Agent.UprightBonus.mean": {
            "value": 0.999993709564209,
            "min": 0.9605183513142911,
            "max": 0.999993709564209,
            "count": 2
        },
        "G1_Balance.Agent.UprightBonus.sum": {
            "value": 1999.987419128418,
            "min": 317.93157428503036,
            "max": 1999.987419128418,
            "count": 2
        },
        "G1_Balance.Environment.EpisodeLength.mean": {
            "value": 330.0,
            "min": 330.0,
            "max": 330.0,
            "count": 1
        },
        "G1_Balance.Environment.EpisodeLength.sum": {
            "value": 330.0,
            "min": 330.0,
            "max": 330.0,
            "count": 1
        },
        "G1_Balance.IsTraining.mean": {
            "value": 1.0,
            "min": 1.0,
            "max": 1.0,
            "count": 2
        },
        "G1_Balance.IsTraining.sum": {
            "value": 1.0,
            "min": 1.0,
            "max": 1.0,
            "count": 2
        },
        "G1_Balance.Step.mean": {
            "value": 1009094.0,
            "min": 1009094.0,
            "max": 1009094.0,
            "count": 1
        },
        "G1_Balance.Step.sum": {
            "value": 1009094.0,
            "min": 1009094.0,
            "max": 1009094.0,
            "count": 1
        },
        "G1_Balance.Policy.ExtrinsicValueEstimate.mean": {
            "value": -0.0487947016954422,
            "min": -0.0487947016954422,
            "max": -0.0487947016954422,
            "count": 1
        },
        "G1_Balance.Policy.ExtrinsicValueEstimate.sum": {
            "value": -0.0975894033908844,
            "min": -0.0975894033908844,
            "max": -0.0975894033908844,
            "count": 1
        },
        "G1_Balance.Environment.CumulativeReward.mean": {
            "value": -14.950000762939453,
            "min": -14.950000762939453,
            "max": -14.950000762939453,
            "count": 1
        },
        "G1_Balance.Environment.CumulativeReward.sum": {
            "value": -14.950000762939453,
            "min": -14.950000762939453,
            "max": -14.950000762939453,
            "count": 1
        },
        "G1_Balance.Policy.ExtrinsicReward.mean": {
            "value": -14.950000762939453,
            "min": -14.950000762939453,
            "max": -14.950000762939453,
            "count": 1
        },
        "G1_Balance.Policy.ExtrinsicReward.sum": {
            "value": -14.950000762939453,
            "min": -14.950000762939453,
            "max": -14.950000762939453,
            "count": 1
        }
    },
    "metadata": {
        "timer_format_version": "0.1.0",
        "start_time_seconds": "1758651935",
        "python_version": "3.10.11 (tags/v3.10.11:7d4cc5a, Apr  5 2023, 00:38:17) [MSC v.1929 64 bit (AMD64)]",
        "command_line_arguments": "C:\\UnityProjects\\CloudWalk\\Challenge_2_G1_Training_MAIN\\G1_Agent_Training_V6\\venv\\lib\\site-packages\\mlagents\\trainers\\learn.py config\\g1_config_final.yaml --run-id=G1_Brain_004 --resume",
        "mlagents_version": "1.1.0",
        "mlagents_envs_version": "1.1.0",
        "communication_protocol_version": "1.5.0",
        "pytorch_version": "2.8.0+cpu",
        "numpy_version": "1.23.5",
        "end_time_seconds": "1758651995"
    },
    "total": 60.80550940000103,
    "count": 1,
    "self": 0.02256800001487136,
    "children": {
        "run_training.setup": {
            "total": 0.0749459999933606,
            "count": 1,
            "self": 0.0749459999933606
        },
        "TrainerController.start_learning": {
            "total": 60.7079953999928,
            "count": 1,
            "self": 0.18870069977128878,
            "children": {
                "TrainerController._reset_env": {
                    "total": 13.76043930000742,
                    "count": 1,
                    "self": 13.76043930000742
                },
                "TrainerController.advance": {
                    "total": 46.588892500221846,
                    "count": 3650,
                    "self": 0.17787700034386944,
                    "children": {
                        "env_step": {
                            "total": 45.5321040002309,
                            "count": 3650,
                            "self": 34.18339540090528,
                            "children": {
                                "SubprocessEnvManager._take_step": {
                                    "total": 11.226025199634023,
                                    "count": 3651,
                                    "self": 0.6916068995633395,
                                    "children": {
                                        "TorchPolicy.evaluate": {
                                            "total": 10.534418300070683,
                                            "count": 3651,
                                            "self": 10.534418300070683
                                        }
                                    }
                                },
                                "workers": {
                                    "total": 0.1226833996915957,
                                    "count": 3649,
                                    "self": 0.0,
                                    "children": {
                                        "worker_root": {
                                            "total": 49.09970619958767,
                                            "count": 3649,
                                            "is_parallel": true,
                                            "self": 28.22068789920013,
                                            "children": {
                                                "steps_from_proto": {
                                                    "total": 0.0003775999939534813,
                                                    "count": 2,
                                                    "is_parallel": true,
                                                    "self": 0.00011869998706970364,
                                                    "children": {
                                                        "_process_rank_one_or_two_observation": {
                                                            "total": 0.0002589000068837777,
                                                            "count": 4,
                                                            "is_parallel": true,
                                                            "self": 0.0002589000068837777
                                                        }
                                                    }
                                                },
                                                "UnityEnvironment.step": {
                                                    "total": 20.87864070039359,
                                                    "count": 3649,
                                                    "is_parallel": true,
                                                    "self": 0.4518942010909086,
                                                    "children": {
                                                        "UnityEnvironment._generate_step_input": {
                                                            "total": 0.4065327996650012,
                                                            "count": 3649,
                                                            "is_parallel": true,