{"count":1,"self":573.1914752,"total":1555.0580831,"children":{"InitializeActuators":{"count":1,"self":0.0011085,"total":0.0011085,"children":null},"InitializeSensors":{"count":1,"self":0.0016034999999999999,"total":0.0016034999999999999,"children":null},"AgentSendState":{"count":83017,"self":1.0128154,"total":15.442729199999999,"children":{"CollectObservations":{"count":83017,"self":11.059066399999999,"total":11.059066099999999,"children":null},"WriteActionMask":{"count":83017,"self":0.216329,"total":0.216329,"children":null},"RequestDecision":{"count":83017,"self":0.74018109999999993,"total":3.1545186999999997,"children":{"AgentInfo.ToProto":{"count":83017,"self":0.74301849999999992,"total":2.4143376,"children":{"GenerateSensorData":{"count":83017,"self":1.6713190999999998,"total":1.6713190999999998,"children":null}}}}}}},"DecideAction":{"count":83017,"self":958.83448319999991,"total":958.8345069,"children":null},"AgentAct":{"count":83017,"self":7.5850975999999992,"total":7.5850972999999993,"children":null}},"gauges":{},"metadata":{"timer_format_version":"0.1.0","start_time_seconds":"1758381739","unity_version":"2021.3.45f1","command_line_arguments":"C:\\Program Files\\Unity\\Hub\\Editor\\2021.3.45f1\\Editor\\Unity.exe -projectpath C:\\UnityProjects\\CloudWalk\\Challenge_2_G1_Training_MAIN\\G1_Agent_Training_V6 -acceptSoftwareTermsForThisRunOnly -useHub -hubIPC -cloudEnvironment production -licensingIpc LicenseClient-ruela -hubSessionId 83418aeb-3242-4034-bc6e-37fdc86f034a -accessToken Y5Mmxo13eAOMd7n4k7r4fQRot_00Knlf5qTDYPN0hWw004f","communication_protocol_version":"1.5.0","com.unity.ml-agents_version":"2.0.1","scene_name":"G1_Agent_Training_V6.B4","end_time_seconds":"1758383294"}}